Corridor,Region Path,Location,Country/Region,Craft / Stewardship,Notes,Knowledge Archetype,Sensitivity,Founder Phase,Status,Steward Type,Indigenous Y/N,Ecological Y/N
Italian Master Craft Corridor,Greece → Cyclades Islands,Chios,Greece,Mastic cultivation,Sub-cluster: Aegean Stone & Craft Corridor | Rare resin harvest tradition unique to the island,Land Stewardship,Medium,,Candidate,Land Steward,N,N
Italian Master Craft Corridor,Greece → Cyclades Islands,Crete,Greece,Olive oil stewardship,Sub-cluster: Aegean Stone & Craft Corridor | Ancient Mediterranean olive cultivation,Food & Fermentation,Medium,,Candidate,Craft Master,N,Y
Italian Master Craft Corridor,Greece → Cyclades Islands,Paros,Greece,Marble quarrying,Sub-cluster: Aegean Stone & Craft Corridor | Classical marble extraction techniques,Material Craft,Medium,,Candidate,Craft Master,N,N
Italian Master Craft Corridor,Greece → Cyclades Islands,Tinos,Greece,Marble carving,Sub-cluster: Aegean Stone & Craft Corridor | Ancient stone carving traditions still practiced today,Material Craft,Medium,,Candidate,Craft Master,N,N
Andean Knowledge Corridor,Peru → Bolivia → Ecuador,Andes Highlands,Peru / Bolivia / Ecuador,Herbal medicine,Mountain plant medicine knowledge,Land Stewardship,Medium,,Candidate,Land Steward,N,Y
Andean Knowledge Corridor,Peru → Bolivia → Ecuador,Cusco,Peru,Alpaca weaving,Indigenous Andean textile traditions,Textile & Fiber Craft,Medium,,Candidate,Craft Master,Y,N
Andean Knowledge Corridor,Peru → Bolivia → Ecuador,Cusco,Peru,Andean Weaving,Center for Traditional Textiles of Cusco | Master candidate: Nilda Callañaupa Alvarez,Textile & Fiber Craft,Medium,Founding 13,Candidate,Craft Master,N,N
Andean Knowledge Corridor,Peru → Bolivia → Ecuador,Lake Titicaca,Bolivia / Peru,Reed boat building,Totora reed watercraft traditions,Architecture & Building Craft,Medium,,Candidate,Craft Master,N,N
Andean Knowledge Corridor,Peru → Bolivia → Ecuador,Otavalo,Ecuador,Ikat weaving,Traditional Andean textile craft,Textile & Fiber Craft,Medium,,Candidate,Craft Master,N,N
Andean Knowledge Corridor,Peru → Bolivia → Ecuador,Sacred Valley,Peru,Terraced agriculture,Inca agricultural engineering systems,Land Stewardship,Medium,,Candidate,Land Steward,N,Y
Andean Knowledge Corridor,Andes / Amazon,Colombia,Colombia,Native Seed Archiving / Agroecology,Sub-cluster: Andes / Amazon Corridor | Land stewardship anchor | Indigenous seed knowledge threatened by industrial farming | Master candidate: TBD,Land Stewardship,High,Founding 13,Candidate,Land Steward,Y,Y
North American Stewardship Corridor,Kentucky → Tennessee → North Carolina → Virginia,Abingdon,"Virginia, USA",Basket weaving,Sub-cluster: Appalachian Craft Corridor | Appalachian fiber craft,Textile & Fiber Craft,Medium,,Candidate,Craft Master,N,N
North American Stewardship Corridor,Kentucky → Tennessee → North Carolina → Virginia,Asheville,"North Carolina, USA",Pottery,Sub-cluster: Appalachian Craft Corridor | Southern Appalachian ceramics,Material Craft,Medium,,Candidate,Craft Master,N,N
North American Stewardship Corridor,Kentucky → Tennessee → North Carolina → Virginia,Berea,"Kentucky, USA",Appalachian woodworking,Sub-cluster: Appalachian Craft Corridor | Folk furniture making,Material Craft,Medium,,Candidate,Craft Master,N,N
North American Stewardship Corridor,Kentucky → Tennessee → North Carolina → Virginia,Eastern Kentucky,"Kentucky, USA",Dulcimer instrument making,Sub-cluster: Appalachian Craft Corridor | Appalachian folk instrument,Material Craft,Medium,,Candidate,Craft Master,N,N
North American Stewardship Corridor,Kentucky → Tennessee → North Carolina → Virginia,Gatlinburg,"Tennessee, USA",Wood carving,Sub-cluster: Appalachian Craft Corridor | Mountain carving traditions,Material Craft,Medium,,Candidate,Craft Master,N,N
North American Stewardship Corridor,Kentucky → Tennessee → North Carolina → Virginia,Mount Airy,"North Carolina, USA",Fiddle making,Sub-cluster: Appalachian Craft Corridor | Traditional instrument craft,Material Craft,Medium,,Candidate,Craft Master,N,N
Arctic & Subarctic Knowledge Corridor,Yukon → Northwest Territories → Nunavut → Northern Prairies,Blackfoot territory,"Alberta, Canada",Buffalo-hide storytelling / painted hide,Material storytelling tied to Plains knowledge,Music & Storytelling,Medium,,Candidate,Craft Master,N,N
Arctic & Subarctic Knowledge Corridor,Yukon → Northwest Territories → Nunavut → Northern Prairies,Dene regions,"Northwest Territories, Canada",Moosehide tanning,Land-based skill requiring seasonal and ecological knowledge,Material Craft,Medium,,Candidate,Craft Master,N,Y
Arctic & Subarctic Knowledge Corridor,Yukon → Northwest Territories → Nunavut → Northern Prairies,First Nations regions,"Yukon, Canada",Caribou-hide sewing,Cold-climate material knowledge with deep ancestral roots,Material Craft,Medium,,Candidate,Craft Master,N,N
Arctic & Subarctic Knowledge Corridor,Yukon → Northwest Territories → Nunavut → Northern Prairies,Inuit regions,"Nunavut, Canada",Qajaq / skin boat knowledge,Ancient Arctic engineering and survival knowledge,Maritime & Watercraft,Medium,,Candidate,Craft Master,N,N
Arctic & Subarctic Knowledge Corridor,Yukon → Northwest Territories → Nunavut → Northern Prairies,Prairie / Métis regions,"Saskatchewan, Canada",Floral beadwork,"Adornment carrying kinship, story, and identity",Textile & Fiber Craft,Medium,,Candidate,Craft Master,N,N
Arctic & Subarctic Knowledge Corridor,Yukon → Northwest Territories → Nunavut → Northern Prairies,Red River / Métis communities,"Manitoba, Canada",Métis fiddle tradition,"Story, dance, and oral tradition carried through music",Music & Storytelling,Medium,,Candidate,Craft Master,N,N
Scandinavian Craft & Land Corridor,Baltic,Bornholm,Denmark,Ceramics / Pottery,Sub-cluster: Baltic Corridor | Good European node | Small island craft community shrinking | Master candidate: TBD,Material Craft,Low,,Candidate,Craft Master,N,N
North American Stewardship Corridor,England → Wales → Scotland,Lake District,United Kingdom,Traditional Shepherding,Sub-cluster: British Isles Land Stewardship Corridor | Shepherding heritage | Master candidate: James Rebanks,Land Stewardship,Low,,Candidate,Land Steward,N,N
North American Stewardship Corridor,Northern CA → Central CA → Southern CA,Mendocino Coast,"California, USA",Driftwood sculpture,Sub-cluster: California Land & Craft Corridor | Coastal sculptural craft,Material Craft,Medium,,Candidate,Craft Master,N,N
North American Stewardship Corridor,Northern CA → Central CA → Southern CA,Nevada City,"California, USA",Blacksmithing,Sub-cluster: California Land & Craft Corridor | Iron forging revival craft,Material Craft,Medium,,Candidate,Craft Master,N,N
North American Stewardship Corridor,Northern CA → Central CA → Southern CA,Northern Sierra,"California, USA",Forest stewardship,Sub-cluster: California Land & Craft Corridor | Cultural burning land knowledge,Land Stewardship,Medium,,Candidate,Land Steward,N,Y
North American Stewardship Corridor,Northern CA → Central CA → Southern CA,Ojai,"California, USA",Ceramics,Sub-cluster: California Land & Craft Corridor | Studio pottery traditions,Material Craft,Medium,,Candidate,Craft Master,N,N
North American Stewardship Corridor,Northern CA → Central CA → Southern CA,Santa Barbara,"California, USA",Traditional boat building,Sub-cluster: California Land & Craft Corridor | Wood surf craft,Architecture & Building Craft,Medium,,Candidate,Craft Master,N,N
North American Stewardship Corridor,Northern CA → Central CA → Southern CA,Sonoma County,"California, USA",Natural wine making,Sub-cluster: California Land & Craft Corridor | Low-intervention fermentation traditions,Food & Fermentation,Medium,,Candidate,Craft Master,N,N
Caucasus Fermentation Corridor,Georgia → Armenia → Türkiye → Greece → Persia,Areni Valley,Armenia,Ancient vineyard stewardship,Sub-cluster: Caucasus & Mediterranean Craft Corridor | High-altitude wine cultivation traditions,Land Stewardship,Medium,Founding 13,Candidate,Land Steward,N,Y
Caucasus Fermentation Corridor,Georgia → Armenia → Türkiye → Greece → Persia,Gaziantep,Türkiye,Copper smithing,Sub-cluster: Caucasus & Mediterranean Craft Corridor | Historic hammered copper craft traditions,Material Craft,Medium,Founding 13,Candidate,Craft Master,N,N
Caucasus Fermentation Corridor,Georgia → Armenia → Türkiye → Greece → Persia,Isfahan,Iran,Persian carpet weaving,Sub-cluster: Caucasus & Mediterranean Craft Corridor | Safavid-era weaving traditions and natural dye mastery,Textile & Fiber Craft,Medium,Founding 13,Candidate,Craft Master,N,N
Caucasus Fermentation Corridor,Georgia → Türkiye → Greece,Istanbul,Turkey,Ebru Paper Marbling,Sub-cluster: Caucasus & Mediterranean Craft Corridor | Traditional marbling lineage | Master candidate: Garip Ay,Material Craft,Medium,Founding 13,Candidate,Craft Master,N,N
Caucasus Fermentation Corridor,Georgia → Armenia → Türkiye → Greece → Persia,Kakheti,Georgia,Qvevri winemaking,"Sub-cluster: Caucasus & Mediterranean Craft Corridor | 8,000-year clay vessel fermentation tradition",Land Stewardship,Medium,Founding 13,Candidate,Land Steward,N,N
Caucasus Fermentation Corridor,Georgia → Armenia → Türkiye → Greece → Persia,Tinos,Greece,Marble carving,Sub-cluster: Caucasus & Mediterranean Craft Corridor | Ancient stone carving traditions still practiced today,Material Craft,Medium,Founding 13,Candidate,Craft Master,N,N
Caucasus Fermentation Corridor,Caucasus,Tbilisi / Kakheti,Georgia,Qvevri Winemaking,Sub-cluster: Caucasus Corridor | Iconic agricultural craft | 8000-year fermentation method with clay vessels | Master candidate: TBD,Land Stewardship,Low,Founding 13,Candidate,Land Steward,N,Y
Caucasus Fermentation Corridor,Georgia → Armenia → Eastern Türkiye,Ijevan Highlands,Armenia,Carpet weaving,Traditional Caucasus textile craft,Textile & Fiber Craft,Medium,,Candidate,Craft Master,N,N
Caucasus Fermentation Corridor,Georgia → Armenia → Eastern Türkiye,Tbilisi,Georgia,Clay vessel craft,Qvevri pottery making,Material Craft,Medium,,Candidate,Craft Master,N,N
Central African Ritual Art Corridor,Cameroon → DRC → Gabon,Bamenda Highlands,Cameroon,Grasslands mask carving,Royal ceremonial masks and regalia,Land Stewardship,Medium,Founding 13,Candidate,Land Steward,Y,N
Central African Ritual Art Corridor,Cameroon → DRC → Gabon,Gabon Forests,Gabon,Fang reliquary sculpture,Sacred guardian figure carving,Material Craft,Medium,Founding 13,Candidate,Craft Master,Y,N
Central African Ritual Art Corridor,Cameroon → DRC → Gabon,Kasai Region,DRC,Kuba raffia textile weaving,Geometric textiles woven from palm fiber | Palm fiber geometric textiles,Textile & Fiber Craft,Medium,Founding 13,Candidate,Craft Master,Y,N
Central African Ritual Art Corridor,Cameroon → DRC → Gabon,Kinshasa Region,DRC,Ngoma drum making,Ceremonial drum carving traditions,Material Craft,Medium,Founding 13,Candidate,Craft Master,Y,N
Central African Ritual Art Corridor,Cameroon → DRC → Gabon,Sangha Basin,Congo Basin,Forest stewardship,Traditional rainforest ecological knowledge,Land Stewardship,Medium,Founding 13,Candidate,Land Steward,Y,Y
Central Asia Corridor,Central Asia,Bukhara,Uzbekistan,Silk Ikat Weaving,Strong Central Asian node | Handwoven silk traditions declining | Master candidate: TBD,Textile & Fiber Craft,Medium,,Candidate,Craft Master,N,N
Mesoamerican Craft & Agriculture Corridor,Central Mexico,Mexico City,Mexico,Painting / Contemporary Collage,Sub-cluster: Central Mexico Corridor | Contemporary discipline | Modern art rooted in Mexican tradition | Master candidate: Carlito Dalceggio,Material Craft,Low,,Candidate,Craft Master,N,N
Iberian Craft & Land Corridor,Central Portugal,Serra da Estrela,Portugal,Dry Stone Walling,Sub-cluster: Central Portugal Corridor | Matches architecture interest | Stone terrace building disappearing | Master candidate: TBD,Architecture & Building Craft,Medium,Founding 13,Candidate,Craft Master,N,N
Andean Knowledge Corridor,Amazon → Andes → Caribbean,Amazon Basin,Colombia,Ethnobotany,Sub-cluster: Colombian Ecological Knowledge Corridor | Indigenous plant medicine and forest knowledge,Land Stewardship,Medium,Founding 13,Candidate,Land Steward,Y,Y
Andean Knowledge Corridor,Amazon → Andes → Caribbean,Amazon Basin,Colombia,Indigenous Ecological Knowledge,Sub-cluster: Colombian Ecological Knowledge Corridor | Amazon ethnobotany | Master candidate: Abel Rodríguez,Land Stewardship,High,Founding 13,Candidate,Land Steward,Y,Y
Andean Knowledge Corridor,Amazon → Andes → Caribbean,Andes Highlands,Colombia,Agroforestry systems,Sub-cluster: Colombian Ecological Knowledge Corridor | Traditional mountain agriculture and biodiversity,Land Stewardship,Medium,Founding 13,Candidate,Land Steward,N,Y
Andean Knowledge Corridor,Amazon → Andes → Caribbean,Caribbean Coast,Colombia,Cacao fermentation,Sub-cluster: Colombian Ecological Knowledge Corridor | Traditional cacao cultivation and fermentation,Food & Fermentation,Medium,,Candidate,Craft Master,N,N
Andean Knowledge Corridor,Amazon → Andes → Caribbean,Cauca Highlands,Colombia,Nasa seed guardianship,Sub-cluster: Colombian Ecological Knowledge Corridor | Indigenous seed preservation and crop biodiversity,Land Stewardship,Medium,,Candidate,Land Steward,Y,N
Andean Knowledge Corridor,Amazon → Andes → Caribbean,Guajira Peninsula,Colombia,Wayuu mochila weaving,Sub-cluster: Colombian Ecological Knowledge Corridor | Indigenous geometric weaving tradition,Textile & Fiber Craft,Medium,Founding 13,Candidate,Craft Master,Y,N
Andean Knowledge Corridor,Amazon → Andes → Caribbean,Huila Mountains,Colombia,Coffee fermentation,Sub-cluster: Colombian Ecological Knowledge Corridor | High-altitude specialty coffee fermentation traditions,Food & Fermentation,Medium,Founding 13,Candidate,Craft Master,N,N
Andean Knowledge Corridor,Amazon → Andes → Caribbean,Nariño Highlands,Colombia,Panela sugar craft,Sub-cluster: Colombian Ecological Knowledge Corridor | Traditional unrefined cane sugar production using wood-fired mills,Food & Fermentation,Medium,,Candidate,Craft Master,N,Y
Andean Knowledge Corridor,Amazon → Andes → Caribbean,Pacific Chocó,Colombia,Cacao agroforestry,Sub-cluster: Colombian Ecological Knowledge Corridor | Rainforest cacao cultivation traditions,Food & Fermentation,Medium,,Candidate,Land Steward,N,Y
Andean Knowledge Corridor,Amazon → Andes → Caribbean,Putumayo Forests,Colombia,Yagé plant knowledge,Sub-cluster: Colombian Ecological Knowledge Corridor | Traditional Amazonian medicinal plant stewardship,Land Stewardship,Medium,,Candidate,Land Steward,N,Y
Andean Knowledge Corridor,Amazon → Andes → Caribbean,Sierra Nevada de Santa Marta,Colombia,Indigenous forest stewardship,Sub-cluster: Colombian Ecological Knowledge Corridor | Arhuaco and Kogi ecological knowledge systems,Land Stewardship,Medium,Founding 13,Candidate,Land Steward,Y,Y
East African Wood & Land Corridor,Kenya → Tanzania → Uganda,Lake Victoria Region,Uganda,Bark cloth making,Sub-cluster: East African Wood & Land Stewardship Corridor | Fabric made from tree bark fiber | Ancient fabric produced from tree bark,Textile & Fiber Craft,Medium,Founding 13,Candidate,Craft Master,N,N
East African Wood & Land Corridor,Kenya → Tanzania → Uganda,Maasai Mara,Kenya,Pastoral land stewardship,Sub-cluster: East African Wood & Land Stewardship Corridor | Traditional grazing and ecosystem management,Land Stewardship,Medium,Founding 13,Candidate,Land Steward,N,Y
East African Wood & Land Corridor,Kenya → Tanzania → Uganda,Maasai Mara Region,Kenya,Pastoral land stewardship,Sub-cluster: East African Wood & Land Stewardship Corridor | Traditional grazing and ecosystem management,Land Stewardship,Medium,,Candidate,Land Steward,N,Y
East African Wood & Land Corridor,Kenya → Tanzania → Uganda,Makonde Plateau,Tanzania,Makonde ebony sculpture,Sub-cluster: East African Wood & Land Stewardship Corridor | Highly symbolic African carving tradition | Intricate spiritual carving tradition,Material Craft,Medium,Founding 13,Candidate,Craft Master,Y,N
East African Wood & Land Corridor,Kenya → Tanzania → Uganda,Wamunyu,Kenya,Akamba wood carving,Sub-cluster: East African Wood & Land Stewardship Corridor | Traditional wildlife sculpture craft | Wildlife and figurative sculpture traditions,Material Craft,Medium,Founding 13,Candidate,Craft Master,N,N
East African Wood & Land Corridor,Kenya → Tanzania → Uganda,Zanzibar,Tanzania,Swahili carved doors,Sub-cluster: East African Wood & Land Stewardship Corridor | Historic coral-stone architecture carving | Coastal architectural carving traditions,Architecture & Building Craft,Medium,Founding 13,Candidate,Craft Master,N,N
Caucasus Fermentation Corridor,France → Belgium → Switzerland,Paris,France,Chocolate Sculpture / Culinary Craft,Sub-cluster: European Culinary Craft Corridor | Culinary craft artistry | Master candidate: Patrick Roger,Food & Fermentation,Low,,Candidate,Craft Master,N,N
Moroccan Architectural Craft Corridor,Fes-Meknes,Fez,Morocco,Zellige Tile Making,Sub-cluster: Fes-Meknes Corridor | Architectural tradition | Hand-cut geometric tile art disappearing | Master candidate: TBD,Architecture & Building Craft,Medium,Founding 13,Candidate,Craft Master,N,N
North American Stewardship Corridor,British Columbia → Great Lakes → St. Lawrence → Atlantic Coast,Haudenosaunee / Anishinaabe territories,"Ontario, Canada",Black ash basketry,Sub-cluster: Great Lakes & Atlantic Craft Corridor | Forest stewardship and basketry under ecological pressure,Textile & Fiber Craft,Medium,,Candidate,Craft Master,N,Y
North American Stewardship Corridor,British Columbia → Great Lakes → St. Lawrence → Atlantic Coast,Mi’kma’ki,"Nova Scotia, Canada",Porcupine quillwork,Sub-cluster: Great Lakes & Atlantic Craft Corridor | Ancient adornment practice using natural materials,Textile & Fiber Craft,Medium,,Candidate,Craft Master,N,N
North American Stewardship Corridor,British Columbia → Great Lakes → St. Lawrence → Atlantic Coast,Mi’kmaq / island farms,"Prince Edward Island, Canada",Handcrafted eel trap making,Sub-cluster: Great Lakes & Atlantic Craft Corridor | Tidal and estuarine knowledge embodied in functional craft,Maritime & Watercraft,Medium,,Candidate,Craft Master,N,N
North American Stewardship Corridor,British Columbia → Great Lakes → St. Lawrence → Atlantic Coast,Northwest Coast,"British Columbia, Canada",Bentwood box carving,Sub-cluster: Great Lakes & Atlantic Craft Corridor | Cedar-based design tradition with ceremonial significance,Material Craft,Medium,,Candidate,Craft Master,Y,N
North American Stewardship Corridor,British Columbia → Great Lakes → St. Lawrence → Atlantic Coast,Outports,"Newfoundland and Labrador, Canada",Hand-knit ganseys,Sub-cluster: Great Lakes & Atlantic Craft Corridor | Maritime knitwear knowledge shaped by climate and labor,Textile & Fiber Craft,Medium,,Candidate,Craft Master,N,N
North American Stewardship Corridor,British Columbia → Great Lakes → St. Lawrence → Atlantic Coast,Wendake,"Quebec, Canada",Huron-Wendat moosehair embroidery,"Sub-cluster: Great Lakes & Atlantic Craft Corridor | Rare, refined floral embroidery tradition",Textile & Fiber Craft,Medium,,Candidate,Craft Master,N,N
North American Stewardship Corridor,British Columbia → Great Lakes → St. Lawrence → Atlantic Coast,Wolastoqey / Acadian regions,"New Brunswick, Canada",Birch bark craft,Sub-cluster: Great Lakes & Atlantic Craft Corridor | Forest-based making rooted in river cultures,Material Craft,Medium,,Candidate,Craft Master,N,Y
North American Stewardship Corridor,Montana → Wyoming → South Dakota → Nebraska,Bighorn Basin,"Wyoming, USA",Horse gear making,Sub-cluster: Great Plains Stewardship Corridor | Ranch saddle craft,Material Craft,Medium,,Candidate,Craft Master,N,N
North American Stewardship Corridor,Montana → Wyoming → South Dakota → Nebraska,Black Hills,"South Dakota, USA",Lakota beadwork,Sub-cluster: Great Plains Stewardship Corridor | Indigenous bead art,Textile & Fiber Craft,Medium,,Candidate,Craft Master,Y,N
North American Stewardship Corridor,Montana → Wyoming → South Dakota → Nebraska,Bozeman,"Montana, USA",Bison stewardship,Sub-cluster: Great Plains Stewardship Corridor | Plains ecological restoration,Land Stewardship,Medium,,Candidate,Land Steward,N,Y
North American Stewardship Corridor,Montana → Wyoming → South Dakota → Nebraska,Cody,"Wyoming, USA",Saddle making,Sub-cluster: Great Plains Stewardship Corridor | Western leather craft,Material Craft,Medium,,Candidate,Craft Master,N,N
North American Stewardship Corridor,Montana → Wyoming → South Dakota → Nebraska,Sandhills,"Nebraska, USA",Prairie land stewardship,Sub-cluster: Great Plains Stewardship Corridor | Grassland ecosystem management,Land Stewardship,Medium,,Candidate,Land Steward,N,Y
Horn of Africa Agriculture Corridor,Ethiopia Highlands → Harar → Sidamo,Harar,Ethiopia,Coffee roasting ceremonies,Sub-cluster: Horn of Africa Stone & Agriculture Corridor | Traditional ceremonial coffee preparation,Food & Fermentation,Medium,,Candidate,Craft Master,Y,N
Horn of Africa Agriculture Corridor,Ethiopia Highlands → Harar → Sidamo,Lalibela,Ethiopia,Stone carving and church architecture,Sub-cluster: Horn of Africa Stone & Agriculture Corridor | Rock-hewn church restoration knowledge,Architecture & Building Craft,Medium,,Candidate,Craft Master,N,N
Horn of Africa Agriculture Corridor,Ethiopia Highlands → Harar → Sidamo,Sidamo,Ethiopia,Coffee cultivation knowledge,Sub-cluster: Horn of Africa Stone & Agriculture Corridor | Smallholder coffee agroforestry traditions,Food & Fermentation,Medium,,Candidate,Craft Master,N,Y
Horn of Africa Agriculture Corridor,Ethiopia Highlands → Harar → Sidamo,Tigray Highlands,Ethiopia,Dry stone terrace agriculture,Sub-cluster: Horn of Africa Stone & Agriculture Corridor | Ancient erosion control and mountain farming,Land Stewardship,Medium,,Candidate,Land Steward,N,Y
Iberian Craft & Land Corridor,Portugal → Spain → Southern France,Alentejo,Portugal,Cork harvesting,Cork forest land stewardship | Sustainable cork forest stewardship,Land Stewardship,Medium,Founding 13,Candidate,Land Steward,N,Y
Iberian Craft & Land Corridor,,Atlas Mountains,Morocco,Berber agro-pastoral land stewardship,,Land Stewardship,Medium,,Candidate,Land Steward,Y,Y
Iberian Craft & Land Corridor,Portugal → Spain → Southern France,Basque Country,Spain / France,Knife forging,Traditional Basque metalwork,Material Craft,Medium,,Candidate,Craft Master,N,N
Iberian Craft & Land Corridor,,Carrara,Italy,Marble Carving,,Material Craft,Medium,,Candidate,Craft Master,N,N
Iberian Craft & Land Corridor,Portugal → Spain → Southern France,Douro Valley,Portugal,Vineyard stewardship,Mediterranean land knowledge + traditional crafts | Terraced viticulture and regenerative land traditions,Food & Fermentation,Medium,Founding 13,Candidate,Land Steward,N,Y
Iberian Craft & Land Corridor,Northern Portugal,Douro Valley,Portugal,Permaculture / Stewardship,Founding anchor | Terraced agriculture + regenerative land design | Master candidate: Greg,Land Stewardship,Medium,Founding 13,Candidate,Land Steward,N,Y
Iberian Craft & Land Corridor,Portugal → Spain → Southern France,Galicia Highlands,Spain,Chestnut agroforestry,Ancient forest-based food systems,Land Stewardship,Medium,Founding 13,Candidate,Land Steward,N,Y
Iberian Craft & Land Corridor,Portugal → Spain → Southern France,La Bisbal,Spain,Ceramics,Historic Catalan pottery center,Material Craft,Medium,Founding 13,Candidate,Craft Master,N,N
Iberian Craft & Land Corridor,Portugal → Spain → Basque Region,Porto,Portugal,Silversmithing,Traditional Italian jewelry craftsmanship,Material Craft,Medium,Founding 13,Candidate,Craft Master,N,N
Persian Craft & Garden Corridor,Isfahan Province,Isfahan,Iran,Persian Miniature Painting,Sub-cluster: Isfahan Province Corridor | Cultural art form | Rare classical painting schools surviving | Master candidate: TBD,Material Craft,Medium,,Candidate,Craft Master,N,N
Italian Master Craft Corridor,Florence → Carrara → Venice → Cremona,Carrara,Italy,Marble sculpture,Classical sculpture stone mastery,Material Craft,Medium,,Candidate,Craft Master,N,N
Italian Master Craft Corridor,Tuscany → Veneto → Lombardy,Carrara,Italy,Marble carving,Renaissance stone carving mastery,Material Craft,Medium,Founding 13,Candidate,Craft Master,N,N
Italian Master Craft Corridor,Florence → Carrara → Venice → Cremona,Cremona,Italy,Violin making,Stradivari instrument lineage,Material Craft,Medium,Founding 13,Candidate,Craft Master,N,N
Italian Master Craft Corridor,Tuscany → Veneto → Lombardy,Cremona,Italy,Violin Making (Lutherie),Stradivari lineage | Master candidate: Edgar Russ,Instrument & Music Craft,Low,Founding 13,Candidate,Craft Master,N,N
Italian Master Craft Corridor,Florence → Carrara → Venice → Cremona,Florence,Italy,Textile weaving,Renaissance artisan guild traditions,Textile & Fiber Craft,Medium,Founding 13,Candidate,Craft Master,N,N
Italian Master Craft Corridor,Tuscany → Veneto → Lombardy,Murano,Italy,Glass Blowing,Global glass legend | Master candidate: Lino Tagliapietra | Legendary Venetian glass tradition,Material Craft,Low,Founding 13,Candidate,Craft Master,N,N
Italian Master Craft Corridor,Florence → Carrara → Venice → Cremona,Tuscany,Italy,Leather craft,Traditional Italian leatherwork,Material Craft,Medium,,Candidate,Craft Master,N,N
Italian Master Craft Corridor,Florence → Carrara → Venice → Cremona,Valenza,Italy,Goldsmithing,Traditional Italian jewelry craftsmanship,Material Craft,Medium,Founding 13,Candidate,Craft Master,N,N
Italian Master Craft Corridor,Florence → Carrara → Venice → Cremona,Venice / Murano,Italy,Glass blowing,Murano glass lineage,Material Craft,Medium,,Candidate,Craft Master,N,N
Japanese Master Craft Corridor,Kyoto → Nara → Kanazawa → Sado,Gifu,Japan,Sword forging,Katanasmith tradition | Katanasmith metallurgical tradition,Material Craft,Medium,Founding 13,Candidate,Craft Master,N,N
Japanese Master Craft Corridor,Kyoto → Kanazawa → Sado,Gifu,Japan,Traditional Swordsmithing,Few licensed swordsmiths remain | Master candidate: Yukihiro Okugawa,Material Craft,Medium,Founding 13,Candidate,Craft Master,N,N
Japanese Master Craft Corridor,Kyoto → Nara → Kanazawa → Sado,Kanazawa,Japan,Gold leaf,Traditional gilding craft,Material Craft,Medium,,Candidate,Craft Master,N,N
Japanese Master Craft Corridor,Kyoto → Kanazawa → Nara → Sado,Kanazawa,Japan,Gold leaf craft,Historic gilding traditions used in temples and art,Material Craft,Medium,Founding 13,Candidate,Craft Master,N,N
Japanese Master Craft Corridor,Kyoto → Nara → Kanazawa → Sado,Kyoto,Japan,Indigo dyeing,Aizome natural dye tradition,Textile & Fiber Craft,Medium,,Candidate,Craft Master,N,N
Japanese Master Craft Corridor,Kyoto → Nara → Kanazawa → Sado,Kyoto,Japan,Lacquer craft,Urushi lacquer tradition,Material Craft,Medium,,Candidate,Craft Master,N,N
Japanese Master Craft Corridor,Kyoto → Kanazawa → Sado,Kyoto,Japan,Urushi Lacquer Craft,Traditional Japanese lacquer lineage | Master candidate: Teruyuki Nakagawa,Material Craft,Medium,Founding 13,Candidate,Craft Master,N,N
Japanese Master Craft Corridor,Kyoto → Kanazawa → Sado,Kyoto,Japan,Storytelling,Philosophy of Mastery,Music & Storytelling,Medium,Founding 13,Candidate,Craft Master,N,N
Japanese Master Craft Corridor,Kyoto → Nara → Kanazawa → Sado,Nara,Japan,Temple carpentry,Traditional Japanese timber joinery,Architecture & Building Craft,Medium,Founding 13,Candidate,Craft Master,N,N
Japanese Master Craft Corridor,Kyoto → Nara → Kanazawa → Sado,Sado Island,Japan,Satoyama stewardship,Traditional ecological land management | Rural ecological land stewardship systems,Land Stewardship,Medium,Founding 13,Candidate,Land Steward,N,Y
Japanese Master Craft Corridor,Kyoto → Tokyo → Kanazawa,Tokyo,Japan,Bonsai Cultivation,Japanese horticultural tradition | Master candidate: Kunio Kobayashi,Land Stewardship,Low,Founding 13,Candidate,Land Steward,N,N
Southeast Asian Dye & Woodcraft Corridor,Java,Yogyakarta,Indonesia,Batik Dyeing,Sub-cluster: Java Corridor | Recognized cultural heritage | Traditional wax-dye technique losing younger apprentices | Master candidate: TBD,Textile & Fiber Craft,Low,Founding 13,Candidate,Craft Master,N,N
Japanese Master Craft Corridor,Kansai,Kyoto,Japan,Photography / Philosophy of Mastery,Sub-cluster: Kansai Corridor | Contemporary but lineage-based | Analog darkroom knowledge disappearing globally | Master candidate: Foster Mickely,Material Craft,Low,Founding 13,Candidate,Craft Master,N,N
Japanese Master Craft Corridor,Kansai,Kyoto (rural),Japan,Indigo Dyeing (Aizome),Sub-cluster: Kansai Corridor | Key Japanese craft | Natural dye traditions fading in industrial era | Master candidate: TBD,Textile & Fiber Craft,Medium,Founding 13,Candidate,Craft Master,N,N
South Asian Textile & Craft Corridor,Kashmir,Srinagar,India,Handloom Shawl Weaving,Sub-cluster: Kashmir Corridor | Textile master candidate | Traditional weaving threatened by mechanized textiles | Master candidate: TBD,Textile & Fiber Craft,Medium,Founding 13,Candidate,Craft Master,N,N
Moroccan Architectural Craft Corridor,Morocco → Atlas Mountains → Sahara,Atlas Villages,Morocco,Berber weaving,Sub-cluster: Maghreb Architectural Craft Corridor | Handwoven wool textiles from mountain communities,Textile & Fiber Craft,Medium,Founding 13,Candidate,Craft Master,Y,N
Moroccan Architectural Craft Corridor,Morocco → Atlas Mountains → Sahara,Essaouira,Morocco,Thuya wood carving,Sub-cluster: Maghreb Architectural Craft Corridor | Coastal woodcraft tradition,Material Craft,Medium,Founding 13,Candidate,Craft Master,N,N
Moroccan Architectural Craft Corridor,Fez → Marrakech → Atlas Mountains,Fez,Morocco,Zellige Tile Mosaic,Sub-cluster: Maghreb Architectural Craft Corridor | Traditional Islamic geometry craft | Master candidate: Abdelkader Benchamma,Material Craft,Medium,Founding 13,Candidate,Craft Master,N,N
Moroccan Architectural Craft Corridor,Morocco → Atlas Mountains → Sahara,Fez,Morocco,Zellige tile craft,Sub-cluster: Maghreb Architectural Craft Corridor | Islamic geometric tile tradition,Architecture & Building Craft,Medium,Founding 13,Candidate,Craft Master,N,N
Moroccan Architectural Craft Corridor,Morocco → Atlas Mountains → Sahara,High Atlas,Morocco,Pastoral land stewardship,Sub-cluster: Maghreb Architectural Craft Corridor | Traditional transhumance grazing systems,Land Stewardship,Medium,Founding 13,Candidate,Land Steward,N,Y
Moroccan Architectural Craft Corridor,Morocco → Atlas Mountains → Sahara,Marrakech,Morocco,Tadelakt plaster,Sub-cluster: Maghreb Architectural Craft Corridor | Natural lime plaster used in Moroccan architecture,Architecture & Building Craft,Medium,Founding 13,Candidate,Craft Master,N,N
Caucasus Fermentation Corridor,Marmara,Istanbul,Türkiye,Ebru Paper Marbling / Calligraphy,Sub-cluster: Marmara Corridor | Strong historical lineage | Few masters still teaching classical Ottoman arts | Master candidate: TBD,Material Craft,Medium,Founding 13,Candidate,Craft Master,N,N
Mesoamerican Craft & Agriculture Corridor,Oaxaca → Mexico City → Guatemala Highlands,Chiapas,Mexico,Coffee cultivation,Shade-grown agroforestry | Shade-grown coffee agroforestry traditions,Food & Fermentation,Medium,Founding 13,Candidate,Craft Master,N,Y
Mesoamerican Craft & Agriculture Corridor,Oaxaca → Mexico City → Guatemala Highlands,Guatemala Highlands,Guatemala,Backstrap weaving,Mayan textile tradition,Textile & Fiber Craft,Medium,Founding 13,Candidate,Craft Master,N,N
Mesoamerican Craft & Agriculture Corridor,Oaxaca → Chiapas → Guatemala → Michoacán,Michoacán,Mexico,Copper smithing,Traditional hammered copper craft,Material Craft,Medium,Founding 13,Candidate,Craft Master,N,N
Mesoamerican Craft & Agriculture Corridor,Oaxaca → Mexico City → Guatemala Highlands,Oaxaca,Mexico,Zapotec weaving,Natural dye weaving tradition | Natural dye textile traditions,Textile & Fiber Craft,Medium,Founding 13,Candidate,Craft Master,Y,N
Mesoamerican Craft & Agriculture Corridor,Oaxaca → Mexico City → Guatemala Highlands,Oaxaca,Mexico,Alebrije carving,Traditional wood carving,Material Craft,Medium,,Candidate,Craft Master,N,N
Mesoamerican Craft & Agriculture Corridor,Oaxaca → Chiapas → Guatemala,Oaxaca,Mexico,Zapotec Wood Carving,Zapotec cultural lineage | Master candidate: Jacobo Ángeles,Material Craft,Medium,Founding 13,Candidate,Craft Master,Y,N
Mesoamerican Craft & Agriculture Corridor,Oaxaca → Chiapas → Guatemala,Oaxaca,Mexico,Land Restoration / Agroecology,Environmental restoration leader | Master candidate: Jesús León Santos,Land Stewardship,High,Founding 13,Candidate,Land Steward,N,Y
Mesoamerican Craft & Agriculture Corridor,Oaxaca → Mexico City → Guatemala Highlands,Xochimilco,Mexico,Chinampa agriculture,Ancient floating farm system,Land Stewardship,Medium,Founding 13,Candidate,Land Steward,Y,Y
Moroccan Architectural Craft Corridor,Fez → Marrakech → Atlas Mountains,Atlas highlands,Morocco,Pastoral stewardship,Nomadic ecological knowledge,Land Stewardship,Medium,,Candidate,Land Steward,N,Y
Moroccan Architectural Craft Corridor,Fez → Marrakech → Atlas Mountains,Essaouira,Morocco,Wood carving,Thuya wood craft tradition,Material Craft,Medium,,Candidate,Craft Master,N,N
Moroccan Architectural Craft Corridor,Fez → Marrakech → Atlas Mountains,Fez,Morocco,Zellige tile masters,Islamic geometric architecture,Architecture & Building Craft,Medium,,Candidate,Craft Master,N,N
Moroccan Architectural Craft Corridor,Fez → Marrakech → Atlas Mountains,Marrakech,Morocco,Tadelakt plaster artisans,Lime plaster architecture tradition,Architecture & Building Craft,Medium,,Candidate,Craft Master,N,N
North American Stewardship Corridor,Maine → Massachusetts → Vermont → New Hampshire,Brattleboro,"Vermont, USA",Maple syrup craft,Sub-cluster: New England Maritime Craft Corridor | Traditional sugarhouse techniques,Food & Fermentation,Medium,,Candidate,Craft Master,N,N
North American Stewardship Corridor,Maine → Massachusetts → Vermont → New Hampshire,Gloucester,"Massachusetts, USA",Net making,Sub-cluster: New England Maritime Craft Corridor | Commercial fishing craft,Material Craft,Medium,,Candidate,Craft Master,N,N
North American Stewardship Corridor,Maine → Massachusetts → Vermont → New Hampshire,North Conway,"New Hampshire, USA",Shaker woodworking,Sub-cluster: New England Maritime Craft Corridor | Minimalist furniture tradition,Material Craft,Medium,,Candidate,Craft Master,N,N
North American Stewardship Corridor,Maine → Massachusetts → Vermont → New Hampshire,Portland,"Maine, USA",Wooden lobster boat building,Sub-cluster: New England Maritime Craft Corridor | Traditional fishing vessel craft,Material Craft,Medium,,Candidate,Craft Master,N,N
North American Stewardship Corridor,Maine → Massachusetts → Vermont → New Hampshire,Rockport,"Maine, USA",Boatbuilding,Sub-cluster: New England Maritime Craft Corridor | Classic wooden sailing boats,Architecture & Building Craft,Medium,,Candidate,Craft Master,N,N
North American Stewardship Corridor,New Mexico,Santa Clara Pueblo,USA,Adobe Architecture,Sub-cluster: New Mexico Corridor | Master candidate: TBD,Architecture & Building Craft,Medium,,Candidate,Craft Master,N,N
Japanese Master Craft Corridor,Niigata,Sado Island,Japan,Satoyama Landscape Stewardship,Sub-cluster: Niigata Corridor | Stewardship node | Rural ecological stewardship disappearing | Master candidate: TBD,Land Stewardship,High,Founding 13,Candidate,Land Steward,N,Y
North American Stewardship Corridor,Iowa → USA,Amana Colonies,USA,Broom making,Lost utilitarian art,Material Craft,Medium,,Candidate,Craft Master,N,N
North American Stewardship Corridor,Indiana → USA,Amish country,USA,Handloom quilt making,Sustainable domestic art,Textile & Fiber Craft,Medium,,Candidate,Craft Master,N,N
North American Stewardship Corridor,Ohio → USA,Appalachian Ohio,USA,Flint knapping,Archaeological sensitivity,Material Craft,Medium,,Candidate,Craft Master,N,N
North American Stewardship Corridor,Texas → USA,Big Bend / borderlands,USA,Vaquero saddle craft,Useful and enduring,Material Craft,Medium,,Candidate,Craft Master,N,N
North American Stewardship Corridor,Virginia → USA,Blue Ridge,USA,Basket weaving,Sustainable handcraft,Food & Fermentation,Medium,,Candidate,Craft Master,N,N
North American Stewardship Corridor,Vermont → USA,Brattleboro,USA,Maple sugaring,Land-connected tradition,Land Stewardship,Medium,,Candidate,Land Steward,N,N
North American Stewardship Corridor,Oklahoma → USA,Caddo / Cherokee / Osage,USA,Ribbonwork,Needs nation-led engagement,Textile & Fiber Craft,Medium,,Candidate,Craft Master,Y,N
North American Stewardship Corridor,Louisiana → USA,Cajun country,USA,Cajun accordion making,Endangered specialist skill,Instrument & Music Craft,Medium,,Candidate,Craft Master,N,N
North American Stewardship Corridor,New Hampshire → USA,Canterbury / Monadnock,USA,Shaker furniture making,Enduring sustainable design,Material Craft,Medium,,Candidate,Craft Master,N,N
North American Stewardship Corridor,North Carolina → USA,Cherokee / Appalachia,USA,Double-weave basketry,Strong apprenticeship fit,Textile & Fiber Craft,Medium,,Candidate,Craft Master,Y,N
North American Stewardship Corridor,Maryland → USA,Chesapeake Bay,USA,Skipjack sailing knowledge,Living heritage,Maritime & Watercraft,Medium,,Candidate,Craft Master,N,N
North American Stewardship Corridor,Illinois → USA,Chicago / prairie belt,USA,Prairie seed stewardship,Strong ecological relevance,Land Stewardship,Medium,,Candidate,Land Steward,N,Y
North American Stewardship Corridor,Kentucky → USA,Eastern Kentucky,USA,Dulcimer making,High apprenticeship fit,Instrument & Music Craft,Medium,,Candidate,Craft Master,N,N
North American Stewardship Corridor,Kansas → USA,Flint Hills,USA,Prairie grassland stewardship,Climate and biodiversity value,Land Stewardship,Medium,,Candidate,Land Steward,N,Y
North American Stewardship Corridor,Utah → USA,Four Corners,USA,Dryland farming techniques,Climate resilience value,Material Craft,Medium,,Candidate,Land Steward,N,N
North American Stewardship Corridor,Southwest USA → Colorado Plateau → Great Plains,Four Corners Region,"Utah / Colorado, USA",Dryland farming,Traditional desert agriculture,Land Stewardship,Medium,Founding 13,Candidate,Land Steward,N,Y
North American Stewardship Corridor,Alabama → USA,Gee's Bend,USA,Quilting,Sustainable handwork,Textile & Fiber Craft,Medium,,Candidate,Craft Master,N,N
North American Stewardship Corridor,Nevada → USA,Great Basin,USA,Piñon harvest knowledge,Highly place-based,Food & Fermentation,Medium,,Candidate,Land Steward,N,N
North American Stewardship Corridor,Wisconsin → USA,Great Lakes,USA,Ash splint basketry,Endangered due to ash dieback,Material Craft,Medium,,Candidate,Craft Master,Y,N
North American Stewardship Corridor,New York → USA,Haudenosaunee territories,USA,Wampum carving / diplomacy belts,High sensitivity,Material Craft,Medium,,Candidate,Craft Master,N,N
North American Stewardship Corridor,Mississippi → USA,Hill Country,USA,Fife-and-drum tradition,Living master tradition,Music & Storytelling,Medium,,Candidate,Craft Master,N,N
North American Stewardship Corridor,Southwest USA → Colorado Plateau → Great Plains,Hopi Mesas,"Arizona, USA",Katsina carving,Sacred cottonwood carving traditions,Material Craft,Medium,Founding 13,Candidate,Craft Master,Y,N
North American Stewardship Corridor,Alaska → USA,Kodiak / Yup'ik regions,USA,Skin-sewn kayak building,Highly place-based,Maritime & Watercraft,Medium,,Candidate,Craft Master,Y,N
North American Stewardship Corridor,Pennsylvania → USA,Lancaster,USA,Hex sign painting,Accessible entry craft,Material Craft,Medium,,Candidate,Craft Master,N,N
North American Stewardship Corridor,South Carolina → USA,Lowcountry,USA,Sweetgrass basketry,High cultural specificity,Textile & Fiber Craft,Medium,,Candidate,Craft Master,N,N
North American Stewardship Corridor,Maine → USA,Midcoast Maine,USA,Lobster trap making,Working-waterfront knowledge,Maritime & Watercraft,Medium,,Candidate,Craft Master,N,N
North American Stewardship Corridor,West Virginia → USA,Mountain region,USA,Coverlet weaving,Lost domestic art,Textile & Fiber Craft,Medium,,Candidate,Craft Master,N,N
North American Stewardship Corridor,Connecticut → USA,Mystic region,USA,Wooden decoy carving,Sustainable hand carving,Material Craft,Medium,,Candidate,Craft Master,N,N
North American Stewardship Corridor,Delaware → USA,Nanticoke region,USA,River cane / woodland basketry,Needs community-led vetting,Textile & Fiber Craft,Medium,,Candidate,Craft Master,Y,N
North American Stewardship Corridor,Massachusetts → USA,Nantucket / New Bedford,USA,Scrimshaw,Can be interpreted sensitively,Material Craft,Medium,,Candidate,Craft Master,N,N
North American Stewardship Corridor,Southwest USA → Colorado Plateau → Great Plains,Navajo Nation,"Arizona / New Mexico, USA",Navajo rug weaving,Handwoven wool textile tradition,Textile & Fiber Craft,Medium,Founding 13,Candidate,Craft Master,N,N
North American Stewardship Corridor,Rhode Island → USA,Newport,USA,Sailmaking,Functional sustainable making,Maritime & Watercraft,Medium,,Candidate,Craft Master,N,N
North American Stewardship Corridor,Idaho → USA,Nez Perce region,USA,Parfleche / rawhide work,Community permissions essential,Material Craft,Medium,,Candidate,Craft Master,Y,N
North American Stewardship Corridor,California → USA,North Coast / Sierra,USA,Cultural burning stewardship,High sensitivity,Land Stewardship,Medium,,Candidate,Land Steward,N,Y
North American Stewardship Corridor,Minnesota → USA,Northwoods,USA,Wild rice stewardship,High sensitivity,Food & Fermentation,Medium,,Candidate,Craft Master,N,Y
North American Stewardship Corridor,Arkansas → USA,Ozarks,USA,White oak basketry,Renewable material tradition,Textile & Fiber Craft,Medium,,Candidate,Craft Master,N,N
North American Stewardship Corridor,Missouri → USA,Ozarks,USA,Chair caning,Sustainable lost art,Material Craft,Medium,,Candidate,Craft Master,N,N
North American Stewardship Corridor,New Jersey → USA,Pinelands,USA,Pine needle basketry,Under-recognized tradition,Textile & Fiber Craft,Medium,,Candidate,Craft Master,N,N
North American Stewardship Corridor,Montana → USA,Plains,USA,Bison stewardship,Strong Studium fit,Land Stewardship,Medium,,Candidate,Land Steward,N,Y
North American Stewardship Corridor,North Dakota → USA,Plains,USA,Moccasin / quillwork,High cultural specificity,Material Craft,Medium,,Candidate,Craft Master,N,N
North American Stewardship Corridor,Washington → USA,Salish Sea,USA,Cedar canoe carving,High sensitivity,Textile & Fiber Craft,Medium,,Candidate,Craft Master,Y,N
North American Stewardship Corridor,Colorado → USA,San Luis Valley,USA,Hispano santero carving,Small master base,Material Craft,Medium,,Candidate,Craft Master,Y,N
North American Stewardship Corridor,Nebraska → USA,Sandhills,USA,Prairie stewardship,Sustainable land practice,Land Stewardship,Medium,,Candidate,Land Steward,N,Y
North American Stewardship Corridor,Southwest USA → Colorado Plateau → Great Plains,Santa Fe,"New Mexico, USA",Adobe architecture,Earthen building traditions,Architecture & Building Craft,Medium,Founding 13,Candidate,Craft Master,N,N
North American Stewardship Corridor,New Mexico → USA,Santa Fe / Taos,USA,Adobe architecture,Core Studium node,Architecture & Building Craft,Medium,,Candidate,Craft Master,N,N
North American Stewardship Corridor,Georgia → USA,Sapelo / coastal Georgia,USA,Cast-net making,Sustainable livelihood art,Maritime & Watercraft,Medium,,Candidate,Craft Master,N,N
North American Stewardship Corridor,Florida → USA,Seminole communities,USA,Seminole patchwork,High cultural specificity,Textile & Fiber Craft,Medium,,Candidate,Craft Master,Y,N
North American Stewardship Corridor,Tennessee → USA,Smokies,USA,Wood carving,Apprenticeship-friendly,Material Craft,Medium,,Candidate,Craft Master,N,N
North American Stewardship Corridor,Arizona → USA,Sonoran Desert,USA,Desert water harvesting,Sustainable systems knowledge,Land Stewardship,Medium,,Candidate,Land Steward,N,Y
North American Stewardship Corridor,Hawaii → USA,Statewide / voyaging communities,USA,Polynesian wayfinding,High sensitivity,Navigation & Wayfinding,Medium,,Candidate,Craft Master,N,N
North American Stewardship Corridor,Southwest USA → Colorado Plateau → Great Plains,Taos Pueblo,"New Mexico, USA",Pueblo pottery,Indigenous clay pottery traditions,Material Craft,Medium,Founding 13,Candidate,Craft Master,Y,N
North American Stewardship Corridor,Michigan → USA,Upper Peninsula,USA,Birchbark canoe craft,High sensitivity,Maritime & Watercraft,Medium,,Candidate,Craft Master,Y,N
North American Stewardship Corridor,Southwest USA → Great Plains,Virginia,USA,Regenerative Farming,Polyface Farm | Master candidate: Joel Salatin,Land Stewardship,Low,,Candidate,Land Steward,N,Y
North American Stewardship Corridor,Oregon → USA,Willamette Valley,USA,Heritage orchard grafting,Sustainable horticultural art,Material Craft,Medium,,Candidate,Craft Master,N,N
O’Higgins Corridor,O’Higgins,Chimbarongo,Chile,Wicker Basket Weaving,Potential Latin America node | Rural fiber craft declining | Master candidate: TBD,Textile & Fiber Craft,Low,,Candidate,Craft Master,N,N
Mesoamerican Craft & Agriculture Corridor,Oaxaca,Oaxaca,Mexico,Zapotec Weaving / Natural Dyes,Sub-cluster: Oaxaca Corridor | Strong cultural heritage | Indigenous dye knowledge threatened by synthetic textiles | Master candidate: TBD,Textile & Fiber Craft,Medium,Founding 13,Candidate,Craft Master,Y,N
Mesoamerican Craft & Agriculture Corridor,Oaxaca,Oaxaca Highlands,Mexico,Traditional Milpa Agriculture,Sub-cluster: Oaxaca Corridor | Stewardship category | Ancient polyculture farming system declining | Master candidate: TBD,Land Stewardship,High,Founding 13,Candidate,Land Steward,N,Y
Pacific Island Navigation Corridor,Hawaii → Polynesia → Micronesia,Fiji,Fiji,Palm fiber weaving,Island fiber craft traditions,Textile & Fiber Craft,Medium,,Candidate,Craft Master,N,N
Pacific Island Navigation Corridor,Hawaii → Polynesia → Micronesia,Hawaii,USA,Polynesian wayfinding,Celestial navigation traditions,Navigation & Wayfinding,Medium,,Candidate,Craft Master,N,N
Pacific Island Navigation Corridor,Hawaii → Polynesia → Micronesia,Micronesia,Micronesia,Stick chart navigation,Ocean swell navigation mapping,Navigation & Wayfinding,Medium,,Candidate,Craft Master,N,N
Pacific Island Navigation Corridor,Hawaii → Polynesia → Micronesia,Samoa,Samoa,Tapa cloth making,Tree bark textile traditions,Textile & Fiber Craft,Medium,,Candidate,Craft Master,N,N
Pacific Island Navigation Corridor,Hawaii → Polynesia → Micronesia,Tahiti,French Polynesia,Outrigger canoe building,Traditional ocean voyaging vessels,Architecture & Building Craft,Medium,,Candidate,Craft Master,N,N
North American Stewardship Corridor,Washington → Oregon → Alaska,Astoria,"Oregon, USA",Wooden boat building,Sub-cluster: Pacific Northwest Indigenous Craft Corridor | Maritime fishing vessel craft,Material Craft,Medium,,Candidate,Craft Master,Y,N
North American Stewardship Corridor,Washington → Oregon → Alaska,Juneau,"Alaska, USA",Tlingit weaving,Sub-cluster: Pacific Northwest Indigenous Craft Corridor | Ravenstail and Chilkat weaving,Textile & Fiber Craft,Medium,,Candidate,Craft Master,Y,N
North American Stewardship Corridor,Washington → Oregon → Alaska,Kodiak Island,"Alaska, USA",Kayak skin boat building,Sub-cluster: Pacific Northwest Indigenous Craft Corridor | Traditional Arctic boat craft,Architecture & Building Craft,Medium,,Candidate,Craft Master,Y,N
North American Stewardship Corridor,Washington → Oregon → Alaska,Olympic Peninsula,"Washington, USA",Canoe carving,Sub-cluster: Pacific Northwest Indigenous Craft Corridor | Coastal Salish maritime craft,Material Craft,Medium,,Candidate,Craft Master,Y,N
North American Stewardship Corridor,Washington → Oregon → Alaska,Puget Sound,"Washington, USA",Totem carving,Sub-cluster: Pacific Northwest Indigenous Craft Corridor | Indigenous cedar carving tradition,Material Craft,Medium,,Candidate,Craft Master,Y,N
North American Stewardship Corridor,Washington → Oregon → Alaska,Willamette Valley,"Oregon, USA",Natural wine fermentation,Sub-cluster: Pacific Northwest Indigenous Craft Corridor | Small vineyard fermentation traditions,Food & Fermentation,Medium,,Candidate,Craft Master,Y,Y
Persian Craft & Garden Corridor,Iran → Central Asia,Hamadan,Iran,Ceramic tile craft,Persian geometric tile traditions,Material Craft,Medium,,Candidate,Craft Master,N,N
Persian Craft & Garden Corridor,Iran → Central Asia,Isfahan,Iran,Persian carpet weaving,Natural dye carpet weaving traditions,Textile & Fiber Craft,Medium,,Candidate,Craft Master,N,N
Persian Craft & Garden Corridor,Iran → Central Asia,Kashan,Iran,Persian garden cultivation,Sacred geometry garden design traditions,Land Stewardship,Medium,,Candidate,Land Steward,Y,N
Persian Craft & Garden Corridor,Iran → Central Asia,Tabriz,Iran,Miniature painting,Persian manuscript illustration traditions,Material Craft,Medium,,Candidate,Craft Master,N,N
Persian Craft & Garden Corridor,Iran → Central Asia,Yazd,Iran,Wind tower architecture,Ancient desert cooling architecture,Architecture & Building Craft,Medium,,Candidate,Craft Master,N,N
South Asian Textile & Craft Corridor,Rajasthan,Jaipur,India,Block Printing / Natural Dye,Sub-cluster: Rajasthan Corridor | Good early craft node | Hand-block printing declining due to mass production | Master candidate: TBD,Textile & Fiber Craft,Low,Founding 13,Candidate,Craft Master,N,N
Andean Knowledge Corridor,Sacred Valley,Cusco / Andes,Peru,Alpaca Weaving,Sub-cluster: Sacred Valley Corridor | Textile heritage | Andean weaving traditions losing apprentices | Master candidate: TBD,Textile & Fiber Craft,Medium,Founding 13,Candidate,Craft Master,Y,N
Sahel Nomadic Craft Corridor,Niger → Chad → Mali,Agadez,Niger,Tuareg silver jewelry,Desert cross pendants and nomadic identity symbols,Material Craft,Medium,Founding 13,Candidate,Craft Master,Y,N
Sahel Nomadic Craft Corridor,Niger → Chad → Mali,Lake Chad Basin,Chad,Reed boat building,Traditional river fishing vessels,Architecture & Building Craft,Medium,Founding 13,Candidate,Craft Master,N,N
Sahel Nomadic Craft Corridor,Niger → Chad → Mali,Sahel Grasslands,Mali / Niger,Nomadic pastoral stewardship,Traditional desert grazing systems,Land Stewardship,Medium,Founding 13,Candidate,Land Steward,N,Y
Sahel Nomadic Craft Corridor,Niger → Chad → Mali,Timbuktu Region,Mali,Manuscript preservation,Ancient bookbinding and restoration craft,Material Craft,Medium,Founding 13,Candidate,Craft Master,N,N
Sahel Nomadic Craft Corridor,Niger → Chad → Mali,Timia Oasis,Niger,Leather saddle craft,Camel saddle and caravan equipment traditions,Material Craft,Medium,Founding 13,Candidate,Craft Master,N,N
Scandinavian Craft & Land Corridor,Denmark → Sweden → Norway,Bornholm,Denmark,Ceramic Craft,Tortus studio | Master candidate: Eric Landon,Material Craft,Low,,Candidate,Craft Master,N,N
Scandinavian Craft & Land Corridor,Norway → Sweden → Finland,Dalarna,Sweden,Dala horse carving,Traditional Swedish wood carving,Material Craft,Medium,,Candidate,Craft Master,N,N
Scandinavian Craft & Land Corridor,Norway → Sweden → Finland,Finnish Lakes,Finland,Wooden boat building,Nordic lake vessel traditions,Material Craft,Medium,,Candidate,Craft Master,N,N
Scandinavian Craft & Land Corridor,Norway → Sweden → Finland,Hardanger,Norway,Fiddle making,Norwegian folk instrument craft,Material Craft,Medium,,Candidate,Craft Master,N,N
Scandinavian Craft & Land Corridor,Norway → Sweden → Finland,Lapland,Finland,Sámi reindeer stewardship,Arctic pastoral knowledge,Land Stewardship,Medium,,Candidate,Land Steward,N,Y
Scandinavian Craft & Land Corridor,Norway → Scotland → Denmark,Outer Hebrides,Scotland,Harris Tweed Weaving,Regional textile heritage | Master candidate: Caroline Millar,Textile & Fiber Craft,Low,,Candidate,Craft Master,N,N
Scandinavian Craft & Land Corridor,Norway → Sweden → Finland,Telemark,Norway,Rosemaling painting,Norwegian decorative folk art,Material Craft,Medium,,Candidate,Craft Master,N,N
South Asian Textile Corridor,India → Pakistan → Bangladesh,Jaipur,India,Block printing,Sub-cluster: South Asian Textile & Craft Corridor | Hand-carved wood block textile printing,Textile & Fiber Craft,Medium,,Candidate,Craft Master,N,N
South Asian Textile Corridor,India → Pakistan → Bangladesh,Kerala,India,Ayurvedic plant medicine,Sub-cluster: South Asian Textile & Craft Corridor | Traditional herbal medicine knowledge,Land Stewardship,Medium,,Candidate,Land Steward,N,Y
South Asian Textile Corridor,India → Pakistan → Bangladesh,Kutch,India,Embroidery,Sub-cluster: South Asian Textile & Craft Corridor | Kutchi mirror embroidery,Textile & Fiber Craft,Medium,,Candidate,Craft Master,N,N
South Asian Textile Corridor,India → Pakistan → Bangladesh,Ladakh,India,High-altitude agriculture,Sub-cluster: South Asian Textile & Craft Corridor | Himalayan terrace farming,Land Stewardship,Medium,,Candidate,Land Steward,N,Y
South Asian Textile Corridor,Jaipur → Gujarat → Kashmir,Rajasthan,India,Rajasthani Miniature Painting,Sub-cluster: South Asian Textile & Craft Corridor | Historic Indian painting schools | Master candidate: Rajendra Bhatt,Material Craft,Low,,Candidate,Craft Master,N,N
South Asian Textile Corridor,Himalayas → Indo-Gangetic Plains,Uttarakhand,India,Seed Stewardship,Sub-cluster: South Asian Textile & Craft Corridor | Navdanya movement | Master candidate: Vandana Shiva,Land Stewardship,Medium,Founding 13,Candidate,Land Steward,N,Y
South Asian Textile Corridor,India → Pakistan → Bangladesh,Varanasi,India,Silk weaving,Sub-cluster: South Asian Textile & Craft Corridor | Banarasi silk weaving,Textile & Fiber Craft,Medium,,Candidate,Craft Master,N,N
Southeast Asian Dye & Wood Corridor,Indonesia → Thailand → Laos,Bali,Indonesia,Temple wood carving,Sub-cluster: Southeast Asian Dye & Woodcraft Corridor | Sacred temple carving traditions,Material Craft,Medium,,Candidate,Craft Master,Y,N
Southeast Asian Dye & Wood Corridor,Indonesia → Thailand → Laos,Central Java,Indonesia,Gamelan instrument making,Sub-cluster: Southeast Asian Dye & Woodcraft Corridor | Bronze gong instrument craftsmanship,Material Craft,Medium,,Candidate,Craft Master,N,N
Southeast Asian Dye & Wood Corridor,Indonesia → Thailand → Laos,Chiang Mai,Thailand,Paper umbrella craft,Sub-cluster: Southeast Asian Dye & Woodcraft Corridor | Bamboo and paper umbrella traditions,Material Craft,Medium,,Candidate,Craft Master,N,N
Southeast Asian Dye & Wood Corridor,Indonesia → Thailand → Laos,Luang Prabang,Laos,Silk weaving,Sub-cluster: Southeast Asian Dye & Woodcraft Corridor | Mekong textile traditions,Textile & Fiber Craft,Medium,,Candidate,Craft Master,N,N
Southeast Asian Dye & Wood Corridor,Indonesia → Thailand → Laos,Yogyakarta,Indonesia,Batik dyeing,Sub-cluster: Southeast Asian Dye & Woodcraft Corridor | Traditional wax-resist textile dye techniques,Textile & Fiber Craft,Medium,,Candidate,Craft Master,N,N
Southeast Asian Dye & Wood Corridor,Yogyakarta → Bali → Chiang Mai,Yogyakarta,Indonesia,Batik Textile Dyeing,Sub-cluster: Southeast Asian Dye & Woodcraft Corridor | UNESCO recognized craft | Master candidate: Iwan Tirta,Textile & Fiber Craft,Low,Founding 13,Candidate,Craft Master,N,N
Southern African Craft & Ecology Corridor,Zimbabwe → Botswana → South Africa → Madagascar,Antananarivo Region,Madagascar,Zebu horn carving,Horn carving for ritual objects and jewelry | Horn sculpting for ritual and decorative objects,Material Craft,Medium,Founding 13,Candidate,Craft Master,Y,N
Southern African Craft & Ecology Corridor,Zimbabwe → Botswana → South Africa → Madagascar,Great Zimbabwe Plateau,Zimbabwe,Granite masonry,Ancient dry stone architecture techniques,Architecture & Building Craft,Medium,Founding 13,Candidate,Craft Master,N,N
Southern African Craft & Ecology Corridor,Zimbabwe → Botswana → South Africa → Madagascar,Harare Region,Zimbabwe,Shona stone sculpture,Globally recognized sculptural tradition,Material Craft,Medium,Founding 13,Candidate,Craft Master,N,N
Southern African Craft & Ecology Corridor,Zimbabwe → Botswana → South Africa → Madagascar,KwaZulu-Natal,South Africa,Zulu beadwork,Bead symbolism communicating social meaning,Textile & Fiber Craft,Medium,Founding 13,Candidate,Craft Master,N,N
Southern African Craft & Ecology Corridor,Zimbabwe → Botswana → South Africa → Madagascar,Limpopo Region,South Africa,Ndebele mural painting,Geometric house painting tradition,Material Craft,Medium,,Candidate,Craft Master,Y,N
Southern African Craft & Ecology Corridor,Zimbabwe → Botswana → South Africa → Madagascar,Okavango Delta,Botswana,Palm basket weaving,Fiber weaving tied to wetland ecosystems | Wetland fiber weaving traditions,Textile & Fiber Craft,Medium,Founding 13,Candidate,Craft Master,N,N
Southern African Craft & Ecology Corridor,Zimbabwe → Botswana → South Africa,Zimbabwe,Zimbabwe,Holistic Grazing Ecology,Global ecological influence | Master candidate: Allan Savory,Land Stewardship,Low,,Candidate,Land Steward,N,Y
North American Stewardship Corridor,New Mexico → Arizona → Colorado,Santa Clara Pueblo,USA,Pueblo Clay Sculpture,Sub-cluster: Southwest Architecture & Desert Stewardship Corridor | Pueblo cultural lineage | Master candidate: Roxanne Swentzell,Material Craft,High,Founding 13,Candidate,Craft Master,N,N
Tibetan Plateau Stewardship Corridor,Tibet → Bhutan → Nepal,Bhutan Highlands,Bhutan,Dzong architecture,Traditional Himalayan fortress construction,Architecture & Building Craft,Medium,,Candidate,Craft Master,N,N
Tibetan Plateau Stewardship Corridor,Tibet → Bhutan → Nepal,Eastern Himalaya,Bhutan,Medicinal herb stewardship,Traditional Himalayan plant medicine,Land Stewardship,Medium,,Candidate,Land Steward,N,Y
Tibetan Plateau Stewardship Corridor,Tibet → Bhutan → Nepal,Kathmandu Valley,Nepal,Newar wood carving,Historic temple carving traditions,Material Craft,Medium,,Candidate,Craft Master,N,N
Tibetan Plateau Stewardship Corridor,Tibet → Bhutan → Nepal,Lhasa,Tibet,Thangka painting,Sacred Buddhist painting traditions,Material Craft,Medium,,Candidate,Craft Master,Y,N
Tibetan Plateau Stewardship Corridor,Tibet → Bhutan → Nepal,Mustang Valley,Nepal,High-altitude pastoralism,Himalayan nomadic grazing systems,Land Stewardship,Medium,,Candidate,Land Steward,N,Y
Italian Master Craft Corridor,Tuscany,Florence,Italy,Textile Weaving / Historic Looms,Sub-cluster: Tuscany Corridor | Strong craft lineage | Renaissance textile traditions increasingly mechanized | Master candidate: Daniele Cavali,Textile & Fiber Craft,Low,Founding 13,Candidate,Craft Master,N,N
British Isles Land Stewardship Corridor,UK,Outer Hebrides,Scotland,Harris Tweed Weaving,Sub-cluster: UK Corridor | Textile lineage | Handwoven wool tradition with limited practitioners | Master candidate: TBD,Textile & Fiber Craft,Low,,Candidate,Craft Master,N,N
Italian Master Craft Corridor,Veneto,Venice / Murano,Italy,Glass Blowing / Lagoon Culture,Sub-cluster: Veneto Corridor | Iconic craft center | Murano masters aging; apprentices declining | Master candidate: TBD,Material Craft,Medium,Founding 13,Candidate,Craft Master,N,N
West African Textile & Dye Corridor,Ghana → Mali → Senegal → Burkina Faso,Bonwire,Ghana,Kente weaving,Royal ceremonial cloth woven on narrow looms | Royal ceremonial textile tradition woven on narrow looms,Textile & Fiber Craft,Medium,Founding 13,Candidate,Craft Master,Y,N
West African Textile & Dye Corridor,Ghana → Mali → Senegal → Burkina Faso,Kaolack Region,Senegal,Griot instrument making,Kora and balafon instrument traditions,Material Craft,Medium,Founding 13,Candidate,Craft Master,Y,N
West African Textile & Dye Corridor,Ghana → Mali → Senegal → Burkina Faso,Ouagadougou Region,Burkina Faso,Lost wax bronze casting,Traditional ritual sculpture technique,Material Craft,Medium,Founding 13,Candidate,Craft Master,Y,N
West African Textile & Dye Corridor,Ghana → Mali → Senegal → Burkina Faso,Saint-Louis,Senegal,Indigo textile dyeing,Historic Sahelian dye traditions,Textile & Fiber Craft,Medium,,Candidate,Craft Master,N,N
West African Textile & Dye Corridor,Ghana → Mali → Senegal,Saint-Louis,Senegal,Indigo dyeing,Sahelian textile dye traditions,Textile & Fiber Craft,Medium,Founding 13,Candidate,Craft Master,N,N
West African Textile & Dye Corridor,Ghana → Mali → Senegal → Burkina Faso,Segou,Mali,Bogolanfini mud cloth dyeing,Natural dye textile tradition using fermented mud,Textile & Fiber Craft,Medium,,Candidate,Craft Master,N,N
West African Textile & Dye Corridor,Ghana → Mali → Senegal,Segou,Mali,Mud cloth dyeing,Bogolanfini natural dye textile traditions,Textile & Fiber Craft,Medium,Founding 13,Candidate,Craft Master,N,N
